GeoType,GeogName,GeoID,boro_cd,Total Population,With and ambulatory disability,People Per Ramp,Under 5 years,5 to 9 years,10 to 14 years,15 to 19 years,20 to 24 years,25 to 29 years,30 to 34 years,35 to 39 years,40 to 44 years,45 to 49 years,50 to 54 years,55 to 59 years,60 to 64 years,65 to 69 years,70 to 74 years,75 to 79 years,80 to 84 years,85 years and over,Median Age,Less than 9th grade,"9th to 12th grade, no diploma",High school graduate (includes equivalency),"Some college, no degree",Associate's degree,Bachelor's degree,Graduate or professional degree,Population with GED or higher,Percent % Population with GED or Higher,"Household income of less than $10,000","$10,000 to $14,999","$15,000 to $24,999","$25,000 to $34,999","$35,000 to $49,999","$50,000 to $74,999","$75,000 to $99,999","$100,000 to $149,999","$150,000 to $199,999","$200,000 or more",Median Household Income (dollars),Employed,Unemployed,Unemployment Rate,White alone,Black or African American alone,American Indian and Alaska Native alone,Asian alone,Native Hawaiian and Other Pacific Islander alone,Some other race alone,Two or more races,Number of POC,Percent POC
CDTA2020,BK01 Williamsburg-Greenpoint (CD 1 Equivalent),BK01,301,"201,377","9,886",7,"17,668","13,066","12,067","9,823","12,713","25,848","26,856","19,182","13,626","9,027","8,065","7,586","7,275","5,732","4,681","3,400","2,085","2,677",31.8,"10,470","10,907","25,709","14,861","5,329","44,826","23,938","114,663",56.94%,"4,923","4,568","7,221","5,005","5,425","8,369","7,113","11,915","8,244","14,937","86,769","104,106","7,612",7.31%,"123,021","10,342",91,"11,471",0,894,"7,096",1092504.443,18.40%
CDTA2020,BK02 Downtown Brooklyn-Fort Greene (CD 2 Approximation),BK02,302,"125,740","6,277",6,"8,988","5,439","5,129","5,499","7,457","13,968","16,607","13,271","9,727","8,346","6,014","5,952","4,831","4,304","3,595","2,885","1,687","2,041",34.9,"3,374","3,133","9,149","8,003","3,368","34,490","31,711","86,721",68.97%,"3,814","1,719","2,793","2,604","3,150","5,572","4,338","8,951","6,767","16,686","122,734","71,832","5,369",7.47%,"61,242","25,323",324,"14,330",26,780,"6,697",802798.6644,15.70%
CDTA2020,BK03 Bedford-Stuyvesant (CD 3 Approximation),BK03,303,"181,522","11,571",15,"12,088","10,967","11,109","9,917","13,265","21,720","20,160","15,794","11,813","10,909","9,567","8,731","7,697","5,614","5,126","3,115","2,050","1,880",32.9,"6,609","10,307","30,920","16,094","7,358","33,175","19,713","107,260",59.09%,"6,910","3,781","5,503","4,826","6,827","8,642","7,716","9,630","5,245","8,209","66,804","89,101","7,457",8.37%,"48,253","87,052",138,"6,118",43,386,"6,882",985622.5746,18.40%
CDTA2020,BK04 Bushwick (CD 4 Equivalent),BK04,304,"118,143","6,669",11,"5,231","5,716","6,551","5,507","11,760","19,808","14,106","9,814","6,836","6,242","6,147","5,249","4,534","3,283","2,986","2,027","1,267","1,079",31.6,"9,664","8,596","18,738","11,420","5,250","21,758","7,952","65,118",55.12%,"3,440","2,348","3,770","2,682","3,785","6,211","6,077","6,658","3,962","3,037","68,657","64,999","4,447",6.84%,"27,115","18,880",189,"6,675",16,"1,394","2,803",628639.2196,18.80%
CDTA2020,BK05 East New York-Cypress Hills (CD 5 Approximation),BK05,305,"204,399","15,468",13,"15,421","14,831","15,174","13,091","13,792","14,891","14,344","14,792","12,668","11,536","12,107","12,630","11,598","9,118","6,751","4,684","3,312","3,659",35.2,"11,543","12,101","57,826","20,783","9,567","14,269","6,001","108,446",53.06%,"10,337","4,392","7,453","7,251","8,366","10,841","7,232","7,671","3,110","2,827","44,358","79,491","7,972",10.03%,"7,547","107,498",124,"9,108",174,"2,199","4,627",997428.8308,20.50%
CDTA2020,BK06 Park Slope-Carroll Gardens (CD 6 Approximation),BK06,306,"123,369","4,716",6,"10,744","7,378","6,135","4,287","4,155","9,921","14,035","13,473","11,489","8,953","7,133","6,452","5,544","4,625","3,830","2,830","1,212","1,173",36.9,"3,006","3,540","7,441","6,408","3,195","31,785","35,295","84,124",68.19%,"2,991","1,502","1,711","1,667","2,688","4,016","4,269","6,889","6,824","18,037","146,573","69,398","4,951",7.13%,"75,669","12,340",104,"8,818",666,879,"6,079",802362.6532,15.40%
CDTA2020,BK07 Sunset Park-Windsor Terrace (CD 7 Approximation),BK07,307,"126,085","5,541",9,"8,212","8,989","8,914","5,817","5,786","9,894","12,892","11,551","9,215","9,213","8,540","6,836","5,943","5,227","3,355","2,656","1,752","1,293",36.1,"14,613","11,644","17,552","7,655","4,134","18,347","14,422","62,110",49.26%,"2,005","1,852","3,360","2,690","4,179","5,587","4,961","6,318","3,679","5,689","77,453","62,080","4,312",6.95%,"35,480","3,885",238,"33,675",19,412,"2,958",669065.6621,18.80%
CDTA2020,BK08 Crown Heights (North) (CD 8 Approximation),BK08,308,"111,533","7,628",29,"7,269","4,904","5,289","3,833","6,167","14,919","13,312","9,242","7,918","6,897","6,425","6,808","5,213","4,454","3,729","1,788","1,782","1,584",35,"4,606","7,037","15,987","9,963","4,802","23,343","18,333","72,428",64.94%,"3,802","2,795","3,793","3,050","4,654","5,260","4,931","7,343","4,367","6,559","74,613","59,622","4,859",8.15%,"32,188","54,390",147,"4,528",0,763,"5,464",670385.7309,16.60%
CDTA2020,BK09 Crown Heights (South) (CD 9 Approximation),BK09,309,"100,357","6,355",19,"5,690","5,077","5,635","5,296","7,251","10,082","9,654","7,073","5,763","5,626","6,395","5,409","5,442","4,938","4,052","2,952","1,987","2,035",36,"4,192","5,366","17,259","13,036","4,167","16,932","10,456","61,850",61.63%,"2,870","2,442","3,255","3,234","4,362","5,876","5,105","5,969","2,853","3,058","62,962","49,725","4,091",8.23%,"28,131","57,401",17,"2,028",0,663,"2,595",587019.6986,17.10%
CDTA2020,BK10 Bay Ridge-Dyker Heights (CD 10 Approximation),BK10,310,"130,654","8,364",14,"7,662","7,698","6,528","7,034","6,618","9,358","9,644","9,444","8,734","8,114","9,033","8,699","8,912","6,785","6,424","4,111","2,669","3,187",40.8,"9,991","5,691","21,052","10,825","5,482","24,903","17,170","79,432",60.80%,"2,541","1,860","3,438","4,237","4,721","7,176","5,977","8,729","4,243","6,524","78,136","62,512","4,243",6.79%,"68,658","3,746",188,"32,116",39,338,"2,766",746461.4758,17.50%
CDTA2020,BK11 Bensonhurst-Bath Beach (CD 11 Approximation),BK11,311,"196,816","12,598",18,"13,179","11,581","12,268","10,280","11,078","12,774","14,821","13,728","13,369","12,693","13,093","14,072","12,409","10,588","6,466","4,653","4,397","5,367",39.5,"23,469","11,777","35,667","13,976","9,424","28,911","15,206","103,184",52.43%,"3,503","3,876","6,351","5,524","7,852","10,040","7,223","10,482","4,958","4,851","61,178","89,506","6,828",7.63%,"77,895","2,299",624,"77,711",3,763,"6,077",1035446.101,19.00%
CDTA2020,BK12 Borough Park-Kensington (CD 12 Approximation),BK12,312,"193,089","8,361",11,"22,497","19,495","18,551","14,535","10,556","13,204","12,933","11,810","11,327","10,079","7,597","8,161","8,608","8,871","6,007","3,282","2,169","3,407",29.1,"12,606","12,566","32,106","11,703","4,939","20,159","13,376","82,283",42.61%,"2,873","3,593","5,686","5,920","6,777","8,627","6,164","7,457","3,109","4,234","55,646","70,778","5,528",7.81%,"122,905","5,046",67,"34,928",9,"2,486","3,479",939629.6042,20.50%
CDTA2020,BK13 Coney Island-Brighton Beach (CD 13 Approximation),BK13,313,"112,519","14,030",24,"6,209","5,684","6,506","5,902","5,754","6,162","6,366","6,085","5,685","6,381","6,494","8,431","7,665","8,132","6,582","4,964","4,469","5,048",46.5,"7,362","6,613","21,135","7,429","6,809","17,757","15,359","68,489",60.87%,"4,361","5,977","5,843","3,810","5,210","6,444","3,501","4,821","2,057","3,045","42,160","42,730","3,363",7.87%,"63,750","12,459",163,"13,117",0,542,"4,174",617619.1874,18.20%
CDTA2020,BK14 Flatbush-Midwood (CD 14 Approximation),BK14,314,"165,478","9,950",13,"12,354","9,919","10,432","9,448","9,767","14,177","14,317","11,555","11,139","9,142","9,823","10,033","9,152","9,112","6,271","3,481","2,460","2,896",36,"8,118","7,545","27,267","16,813","7,347","26,743","19,725","97,895",59.16%,"3,883","3,631","4,399","4,170","5,911","10,100","7,394","9,678","4,555","6,014","69,311","79,515","4,774",6.00%,"65,220","51,682",8,"17,934",36,"1,327","5,349",907299.6516,18.20%
CDTA2020,BK15 Sheepshead Bay-Gravesend (East) (CD 15 Approximation),BK15,315,"164,570","11,511",8,"11,195","10,145","9,913","9,123","8,219","10,859","11,096","9,524","9,623","10,260","10,327","11,004","11,324","10,142","8,645","4,304","4,349","4,518",41.1,"9,435","6,436","30,848","13,437","8,414","28,786","18,619","100,104",60.83%,"3,332","4,096","5,068","4,476","6,123","8,270","7,142","9,621","5,010","6,664","70,191","72,504","4,587",6.33%,"104,592","6,900",156,"31,134",42,"1,179","4,746",912612.7715,18.00%
CDTA2020,BK16 Ocean Hill-Brownsville (CD 16 Approximation),BK16,316,"89,142","8,617",15,"6,151","5,743","5,489","4,993","5,705","8,337","7,937","5,719","5,651","5,425","5,981","5,489","5,726","3,787","2,985","1,657","1,282","1,085",35.2,"4,661","7,824","22,097","11,264","4,975","7,155","3,085","48,576",54.49%,"7,754","3,231","4,051","3,156","3,897","4,610","2,749","3,330","1,349",871,"32,958","33,532","5,042",15.04%,"4,173","60,266",161,"1,194",44,450,"2,622",472028.8953,18.90%
CDTA2020,BK17 East Flatbush (CD 17 Approximation),BK17,317,"158,988","8,980",8,"7,893","8,274","9,519","9,040","9,096","13,358","12,258","10,836","9,854","10,221","10,382","11,049","11,117","8,127","7,580","4,990","2,789","2,605",39.6,"5,952","8,541","39,749","20,339","9,608","21,123","9,854","100,673",63.32%,"4,386","3,234","4,493","5,251","7,237","10,349","6,945","8,732","4,137","3,350","59,083","75,684","6,158",8.14%,"6,260","130,647",288,"2,586",19,"1,143","7,105",889930.3146,17.90%
CDTA2020,BK18 Canarsie-Flatlands (CD 18 Approximation),BK18,318,"208,559","10,989",7,"13,309","12,778","13,857","12,736","11,858","13,172","13,235","13,089","13,399","12,820","13,220","14,753","14,590","12,155","9,022","6,912","3,615","4,039",40.1,"8,583","8,104","43,280","24,388","12,483","28,799","18,384","127,334",61.05%,"3,588","2,368","4,900","5,641","6,266","9,528","9,216","13,053","7,141","7,786","81,652","94,562","5,794",6.13%,"44,219","126,425",341,"11,215",0,"1,257","7,354",1141815.772,18.30%
CDTA2020,BK55 Prospect Park (JIA 55 Approximation),BK55,355,0,0,0,0,0,0,0,0,0,0,0,0,0,0,0,0,0,0,0,0,0,0,0,0,0,0,0,0,0,0,0.00%,0,0,0,0,0,0,0,0,0,0,,0,0,0.00%,0,0,0,0,0,0,0,0,0.00%
CDTA2020,BK56 Jamaica Bay (West) (JIA 56 Approximation),BK56,356,20,0,0,0,0,0,0,0,0,7,0,9,4,0,0,0,0,0,0,0,0,41.7,0,0,0,0,0,8,12,20,100.00%,0,0,0,0,0,0,0,9,0,3,"116,665",20,0,0.00%,16,0,0,0,0,0,0,116835.7,0.00%
CDTA2020,BX01 Melrose-Mott Haven-Port Morris (CD 1 Approximation),BX01,201,"97,502","12,237",24,"7,670","8,362","7,923","7,113","7,135","8,425","8,606","5,930","5,958","5,509","5,816","5,134","4,556","2,925","2,377","1,940","1,021","1,102",31.2,"9,364","11,587","16,781","9,658","4,283","5,810","1,816","38,348",39.33%,"7,497","5,463","5,004","4,048","4,270","3,764","2,303","2,333",476,549,"24,741","33,382","4,714",14.12%,"2,456","25,365",50,456,8,433,630,432885.7345,22.50%
CDTA2020,BX02 Longwood-Hunts Point (CD 2 Approximation),BX02,202,"54,904","4,820",12,"3,761","4,237","4,314","4,421","4,214","4,161","4,029","3,824","3,830","2,828","3,631","3,079","2,715","1,844","1,732","1,026",594,664,32.9,"5,761","4,989","9,774","5,819","2,788","3,363","1,463","23,207",42.27%,"2,513","2,364","2,945","2,037","2,719","2,631","1,563","1,448",569,360,"33,625","20,986","3,731",17.78%,"1,163","12,901",183,243,0,155,359,264332.5005,20.80%
CDTA2020,BX03 Morrisania-Crotona Park East (CD 3 Approximation),BX03,203,"89,471","9,366",22,"7,225","6,133","7,425","6,368","6,658","7,803","6,792","6,489","5,354","5,267","5,420","5,257","4,772","3,932","1,872","1,398",731,575,32.3,"9,613","9,375","15,385","9,258","4,558","5,755","1,718","36,674",40.99%,"5,525","3,805","4,494","3,425","5,086","4,473","2,348","1,823",581,561,"31,538","33,703","4,963",14.73%,"1,027","36,353",67,438,0,767,"1,262",422937.8572,21.20%
CDTA2020,BX04 Highbridge-Concourse (CD 4 Approximation),BX04,204,"154,943","14,403",19,"10,629","11,063","12,796","11,035","10,612","12,379","12,417","10,634","10,561","8,920","9,707","10,318","6,988","4,828","4,919","3,118","1,707","2,312",33.6,"15,748","14,119","28,642","16,035","8,548","11,231","4,485","68,941",44.49%,"7,290","5,927","6,840","6,262","8,357","8,356","5,485","3,907","1,487","1,057","37,022","62,092","8,810",14.19%,"4,551","46,366",314,"1,806",74,"1,163","1,721",710978.1868,21.80%
CDTA2020,BX05 Morris Heights-Mount Hope (CD 5 Approximation),BX05,205,"138,214","10,603",20,"11,807","10,534","10,884","9,856","10,658","11,238","10,301","10,020","7,838","9,387","8,765","8,455","6,709","4,241","3,308","2,126","1,226",861,32,"14,098","13,693","24,361","15,242","5,491","8,611","2,979","56,684",41.01%,"7,488","4,494","6,089","4,429","6,478","7,462","3,990","3,793","1,321",404,"36,232","54,600","8,671",15.88%,"2,165","35,278",197,"2,167",18,755,"2,395",616668.5689,22.40%
CDTA2020,BX06 Tremont-Belmont-West Farms (CD 6 Approximation),BX06,206,"86,349","7,832",16,"6,131","7,019","7,199","7,809","8,143","7,430","5,541","5,361","4,972","4,638","5,146","4,450","3,956","3,502","1,615","1,564",936,937,29.6,"7,953","8,628","13,631","9,924","3,071","4,754","2,087","33,467",38.76%,"4,870","4,649","4,432","2,628","3,604","4,058","2,295","1,917",625,429,"27,663","30,577","5,664",18.52%,"5,321","22,921",173,"1,002",77,152,"1,196",388344.1728,22.20%
CDTA2020,BX07 Fordham-Bedford Park-Norwood (CD 7 Approximation),BX07,207,"145,371","11,725",22,"10,959","10,030","10,640","9,546","9,873","13,597","11,347","10,158","9,029","10,414","8,577","8,971","7,116","5,412","3,842","2,601","1,732","1,527",33.5,"14,150","12,525","27,258","17,086","6,996","10,522","5,786","67,648",46.53%,"5,882","4,958","6,303","5,388","7,050","8,830","5,765","4,532","1,747",879,"40,709","62,946","8,904",14.15%,"8,287","19,427",810,"8,175",0,"1,025","1,149",667260.1068,21.80%
CDTA2020,BX08 Riverdale-Kingsbridge-Marble Hill (CD 8 Approximation),BX08,208,"109,962","9,144",25,"7,069","6,035","6,737","6,785","6,191","7,065","6,533","6,771","6,721","6,599","6,546","6,789","6,757","6,514","5,821","3,816","3,200","4,013",41.3,"6,233","6,736","14,503","12,051","4,723","16,378","16,521","64,176",58.36%,"3,061","2,384","3,871","3,007","4,520","6,548","4,685","6,893","3,798","4,406","67,135","47,727","4,199",8.80%,"34,513","12,555",226,"4,048",34,741,"2,550",587356.9716,18.70%
CDTA2020,BX09 Soundview-Parkchester (CD 9 Approximation),BX09,209,"175,231","16,512",24,"12,868","11,804","11,752","11,161","12,486","14,399","13,086","11,055","10,954","9,913","10,813","10,403","10,020","7,914","6,167","4,364","3,392","2,680",35,"15,422","14,077","32,502","20,469","9,897","14,533","8,260","85,661",48.88%,"7,616","4,881","7,378","5,613","7,483","10,401","6,621","8,033","2,628","2,103","46,086","69,028","7,755",11.23%,"4,330","48,445",653,"14,599",37,"2,408","2,821",826773.6012,21.20%
CDTA2020,BX10 Co-op City-Throgs Neck (CD 10 Approximation),BX10,210,"130,956","11,718",14,"7,449","6,834","7,449","6,916","8,360","9,192","8,695","8,129","8,409","8,729","8,941","8,762","7,651","6,604","6,877","4,955","3,729","3,275",41.4,"7,639","8,014","25,819","17,542","9,341","15,872","9,721","78,295",59.79%,"3,181","2,934","4,499","4,347","5,861","8,102","6,054","7,843","4,134","3,382","63,021","58,031","4,710",8.12%,"32,062","29,757",58,"8,591",35,"1,316","2,751",696598.079,18.80%
CDTA2020,BX11 Pelham Parkway-Morris Park (CD 11 Approximation),BX11,211,"121,138","9,090",12,"7,622","7,289","7,718","6,975","7,303","8,945","10,140","7,378","8,915","6,639","7,781","8,268","6,899","6,493","3,859","3,164","2,434","3,316",38.1,"8,418","7,877","22,706","14,252","7,828","14,454","8,696","67,936",56.08%,"3,947","2,496","3,909","3,262","4,530","7,930","5,502","6,355","3,040","2,535","59,832","53,636","5,516",10.28%,"25,527","26,707",190,"9,283",10,"1,072","2,576",631438.7637,19.20%
CDTA2020,BX12 Wakefield-Williamsbridge-Eastchester (CD 12 Approximation),BX12,212,"169,246","12,799",8,"10,757","9,182","11,761","11,194","12,137","14,208","12,344","9,310","9,858","10,291","12,303","11,844","10,210","7,892","5,524","4,162","3,066","3,203",36.6,"7,741","13,862","35,370","19,932","9,529","18,189","9,592","92,612",54.72%,"4,902","3,053","5,787","5,064","6,015","9,320","6,687","8,758","3,519","3,673","59,412","75,695","8,237",10.88%,"9,935","100,780",493,"3,205",19,"3,126","3,943",879786.256,19.20%
CDTA2020,BX26 Van Cortlandt Park (JIA 26 Equivalent),BX26,226,0,0,0,0,0,0,0,0,0,0,0,0,0,0,0,0,0,0,0,0,0,0,0,0,0,0,0,0,0,0,0.00%,0,0,0,0,0,0,0,0,0,0,,0,0,0.00%,0,0,0,0,0,0,0,0,0.00%
CDTA2020,BX27 Bronx Park (JIA 27 Approximation),BX27,227,15,5,0,0,0,0,0,2,1,0,0,0,2,0,0,5,5,0,0,0,0,63.5,0,0,0,11,1,1,0,13,86.67%,0,0,0,0,0,5,0,0,0,0,"54,998",5,0,0.00%,1,11,0,0,0,0,0,55145.36667,0.00%
CDTA2020,BX28 Pelham Bay Park (JIA 28 Approximation),BX28,228,52,0,0,8,7,0,6,0,15,0,0,0,0,6,0,3,6,1,0,0,0,26.7,7,0,9,0,0,15,0,24,46.15%,8,6,0,0,9,0,0,0,0,0,"12,916",9,0,0.00%,15,31,0,0,0,0,0,13180.16154,0.40%
CDTA2020,MN01 Financial District-Tribeca (CD 1 Equivalent),MN01,101,"72,255","1,428",3,"4,569","2,930","2,839","2,841","5,298","8,667","8,589","7,061","6,011","6,668","4,166","2,833","3,029","2,332","1,352",944,"1,075","1,051",35.3,"1,017",912,"3,181","2,559","1,224","25,163","19,722","51,849",71.76%,635,477,447,733,898,"1,980","2,424","4,478","4,080","16,190","200,000","45,832","1,627",3.55%,"46,635","2,756",30,"13,119",0,701,"2,843",597489.0531,12.10%
CDTA2020,MN02 Greenwich Village-SoHo (CD 2 Equivalent),MN02,102,"87,858","3,060",3,"2,816","1,387","2,071","4,699","6,939","11,053","10,322","7,389","5,781","4,964","5,514","5,332","4,486","5,467","3,381","3,043","1,531","1,683",38.1,"1,475","1,231","3,272","4,509","1,279","31,557","26,623","67,240",76.53%,"2,543","1,094","1,671","1,482","2,259","4,176","3,798","7,825","4,878","16,954","137,884","56,056","3,281",5.85%,"63,083","2,075",27,"12,598",0,324,"2,620",640631.9239,13.70%
CDTA2020,MN03 Lower East Side-Chinatown (CD 3 Equivalent),MN03,103,"157,101","12,114",10,"4,505","4,502","6,269","8,367","12,565","18,166","17,192","9,245","9,027","8,463","8,158","11,939","8,843","9,315","7,184","4,587","3,995","4,779",38.8,"15,965","13,288","18,304","11,646","5,060","37,339","19,291","91,640",58.33%,"9,686","7,027","7,349","5,909","6,028","8,046","6,560","7,836","4,355","9,448","50,373","75,130","5,408",7.20%,"54,900","12,759",504,"46,212",31,695,"4,680",861834.4553,18.20%
CDTA2020,MN04 Chelsea-Hell's Kitchen (CD 4 Approximation),MN04,104,"117,930","8,145",17,"2,987","2,698","2,601","2,465","7,012","14,860","17,269","10,345","8,808","8,326","7,480","8,370","6,688","5,648","5,243","2,840","2,328","1,962",39.4,"3,040","2,643","9,155","8,437","3,951","40,222","32,719","94,484",80.12%,"4,588","2,861","5,042","3,248","5,577","6,090","6,134","10,394","7,482","17,746","104,671","76,633","4,452",5.81%,"67,267","5,842",55,"17,481",67,666,"4,277",789286.2593,14.90%
CDTA2020,MN05 Midtown-Flatiron-Union Square (CD 5 Approximation),MN05,105,"49,302","1,881",5,"1,434","1,456",969,"2,545","3,028","6,365","6,077","4,776","3,616","3,384","3,161","2,827","2,316","2,216","2,020","1,410",692,"1,010",37.9,495,"1,041","2,646","2,913","1,114","15,543","16,118","38,334",77.75%,"2,014",706,"1,380","1,262","1,181","1,863","1,934","3,443","2,990","10,352","146,659","31,105","1,497",4.81%,"28,811","2,873",82,"9,411",87,283,"1,972",428637.7257,11.50%
CDTA2020,MN06 East Midtown-Murray Hill (CD 6 Approximation),MN06,106,"149,052","5,129",11,"5,766","4,124","3,883","4,489","12,832","20,975","17,223","11,358","9,164","8,407","7,111","7,380","8,086","7,165","8,024","5,268","3,481","4,316",37.3,"1,842","1,546","6,365","7,845","2,715","48,656","48,989","114,570",76.87%,"3,766","1,690","3,012","3,687","3,308","6,345","6,969","13,072","9,849","26,635","137,917","93,971","3,661",3.90%,"101,483","6,450",26,"22,446",36,747,"4,766",985646.1076,15.10%
CDTA2020,MN07 Upper West Side (CD 7 Approximation),MN07,107,"221,646","11,774",18,"11,863","10,088","9,312","7,641","8,708","18,799","20,696","17,806","14,965","12,918","14,692","14,623","13,825","13,235","12,166","8,159","5,466","6,684",42,"5,180","4,222","12,817","14,292","4,367","56,715","76,441","164,632",74.28%,"6,665","3,729","5,091","4,213","5,587","9,107","9,085","15,562","9,993","36,679","127,940","120,174","7,399",6.16%,"144,250","12,631",41,"21,833",0,"1,943","7,265",1342979.804,16.50%
CDTA2020,MN08 Upper East Side-Roosevelt Island (CD 8 Equivalent),MN08,108,"217,279","9,977",14,"11,507","8,343","7,899","7,380","9,034","20,842","23,704","15,905","13,290","12,970","13,853","12,380","12,694","11,389","12,022","9,794","6,823","7,450",41.5,"2,272","2,399","12,527","11,570","5,915","61,308","77,125","168,445",77.52%,"4,378","2,693","4,316","4,482","4,397","10,988","10,830","16,543","12,781","38,420","137,455","123,892","5,198",4.20%,"162,111","6,014",133,"22,900",137,677,"5,727",1360224.317,16.00%
CDTA2020,MN09 Morningside Heights-Hamilton Heights (CD 9 Equivalent),MN09,109,"115,788","7,076",18,"4,954","5,075","4,689","8,678","12,459","14,707","11,235","9,559","6,755","5,591","6,142","5,494","6,562","4,592","3,333","2,308","2,057","1,598",33.2,"7,271","6,453","14,263","11,286","3,527","18,480","18,653","66,209",57.18%,"4,368","2,651","4,065","2,903","4,253","5,315","3,962","4,988","2,708","4,535","56,527","57,687","5,637",9.77%,"29,936","25,770",287,"9,523",1,709,"3,580",614250.8695,18.90%
CDTA2020,MN10 Harlem (CD 10 Equivalent),MN10,110,"133,831","9,878",20,"8,645","7,203","7,295","5,790","8,554","14,372","11,978","11,187","9,506","9,080","9,035","8,305","7,217","5,238","3,948","2,820","1,538","2,120",36.4,"6,548","8,224","21,172","14,101","5,162","22,179","18,958","81,572",60.95%,"5,886","4,357","5,128","4,683","5,546","8,221","5,916","6,355","3,746","5,573","55,718","64,772","6,562",10.13%,"21,071","70,954",124,"5,038",2,991,"4,162",740318.1108,18.10%
CDTA2020,MN11 East Harlem (CD 11 Equivalent),MN11,111,"126,338","11,238",19,"7,445","6,292","6,764","6,991","8,179","11,531","10,578","10,867","8,021","7,778","8,218","7,440","7,107","6,213","4,223","3,269","2,244","3,178",37.5,"10,816","10,136","22,542","13,112","4,862","16,826","12,373","69,715",55.18%,"10,353","5,547","6,249","4,110","5,145","6,893","4,485","3,979","2,591","3,571","35,571","50,703","5,170",10.20%,"18,180","38,789",78,"10,400",5,"1,552","2,394",640118.1538,19.70%
CDTA2020,MN12 Washington Heights-Inwood (CD 12 Equivalent),MN12,112,"208,994","18,598",39,"9,903","9,115","9,154","9,353","14,935","22,120","20,273","17,229","13,995","14,028","13,774","12,410","11,103","10,573","7,790","4,936","3,902","4,401",37.8,"22,844","15,916","28,694","22,359","8,493","34,165","24,063","117,774",56.35%,"6,094","5,175","6,323","5,684","7,780","12,545","9,221","11,419","4,757","4,735","61,452","105,015","14,061",13.39%,"41,581","13,700",208,"6,503",8,"1,065","3,987",1032284.497,20.20%
CDTA2020,MN64 Central Park (JIA 64 Equivalent),MN64,164,0,0,0,0,0,0,0,0,0,0,0,0,0,0,0,0,0,0,0,0,0,0,0,0,0,0,0,0,0,0,0.00%,0,0,0,0,0,0,0,0,0,0,,0,0,0.00%,0,0,0,0,0,0,0,0,0.00%
CDTA2020,QN01 Astoria-Queensbridge (CD 1 Equivalent),QN01,401,"179,025","8,837",11,"8,776","6,536","6,607","6,525","10,252","23,327","23,985","17,772","12,391","10,636","10,483","10,528","8,739","7,685","5,415","3,773","2,990","2,605",36,"9,751","8,252","30,677","14,829","9,170","42,880","24,770","122,326",68.33%,"3,894","3,325","5,435","5,112","6,217","11,727","8,977","14,390","7,845","7,710","79,471","97,587","7,710",7.90%,"85,459","13,053",396,"25,303",9,"1,179","6,388",1020776.762,17.50%
CDTA2020,QN02 Long Island City-Sunnyside-Woodside (CD 2 Approximation),QN02,402,"123,037","4,229",4,"7,822","5,624","5,335","4,325","5,066","10,950","14,169","14,315","10,903","8,960","7,530","6,013","5,320","5,285","4,094","3,433","1,961","1,932",37.9,"7,652","5,156","22,802","9,491","6,985","25,781","16,998","82,057",66.69%,"1,867","1,182","2,842","4,363","4,581","7,897","6,928","8,564","4,791","6,935","83,093","68,048","4,385",6.44%,"36,884","2,104",76,"41,834",9,578,"3,446",717674.6314,17.10%
CDTA2020,QN03 Jackson Heights-East Elmhurst (CD 3 Approximation),QN03,403,"161,648","8,441",11,"10,096","9,149","9,355","8,019","8,805","11,358","13,855","13,703","12,274","11,675","11,282","11,222","8,457","7,168","6,273","3,464","2,487","3,006",38.7,"19,575","9,607","37,879","12,344","8,787","16,907","11,125","87,042",53.85%,"2,121","2,299","3,756","4,309","6,060","9,948","7,203","8,065","3,577","3,251","66,184","81,345","6,318",7.77%,"19,006","9,682",116,"29,904",68,710,"2,967",801942.3161,20.20%
CDTA2020,QN04 Elmhurst-Corona (CD 4 Approximation),QN04,404,"177,666","9,777",14,"10,072","10,549","12,724","10,820","9,741","14,737","15,293","15,203","12,883","12,709","11,652","10,227","9,412","6,828","6,041","3,423","2,748","2,604",36.6,"24,682","10,234","36,767","13,592","8,573","22,244","7,668","88,844",50.01%,"2,065","2,511","4,611","5,032","7,228","10,530","7,567","6,835","2,927","2,791","60,527","88,489","5,361",6.06%,"10,535","7,091",393,"61,113",42,690,"2,338",866440.1606,20.50%
CDTA2020,QN05 Ridgewood-Maspeth-Middle Village (CD 5 Approximation),QN05,405,"190,915","8,510",5,"10,340","9,650","12,821","10,573","12,049","14,192","15,995","15,013","11,763","13,432","14,606","13,366","11,614","9,050","6,214","4,002","2,670","3,565",38.3,"11,337","9,436","41,454","20,322","10,993","27,655","14,285","114,709",60.08%,"2,640","1,626","4,182","4,247","6,727","10,978","8,783","12,451","6,872","6,078","80,384","96,337","6,509",6.76%,"92,803","2,695",105,"17,356",0,"1,447","2,869",1005663.968,19.00%
CDTA2020,QN06 Forest Hills-Rego Park (CD 6 Approximation),QN06,406,"122,786","8,182",15,"7,963","6,541","5,381","4,017","3,900","9,595","9,994","8,879","8,364","8,001","7,121","10,251","8,460","7,453","5,480","4,225","3,718","3,443",43,"4,201","2,885","14,074","10,376","6,851","31,650","24,947","87,898",71.59%,"2,738","1,315","4,224","3,158","3,956","7,096","6,516","10,354","5,682","8,007","90,483","62,852","3,178",5.06%,"56,113","3,970",8,"36,812",34,727,"5,364",749281.7664,16.40%
CDTA2020,QN07 Flushing-Murray Hill-Whitestone (CD 7 Approximation),QN07,407,"253,104","13,997",5,"14,065","11,028","13,150","11,242","11,212","15,478","18,086","16,420","15,732","18,257","18,098","18,939","17,836","16,154","13,415","8,681","7,434","7,877",45,"24,847","19,048","53,056","22,572","17,259","33,908","21,717","148,512",58.68%,"6,481","3,665","8,475","8,708","10,004","13,667","11,109","14,140","6,963","7,310","63,493","115,306","7,723",6.70%,"64,048","4,354",593,"134,274",181,"1,292","3,153",1346113.654,18.80%
CDTA2020,QN08 Fresh Meadows-Hillcrest-Briarwood (CD 8 Approximation),QN08,408,"160,231","8,953",5,"12,372","8,684","8,627","10,019","10,141","11,304","11,261","10,128","8,950","9,523","9,786","11,994","11,039","7,912","6,572","4,676","3,948","3,295",38.8,"8,046","5,946","23,409","16,524","8,718","28,374","19,371","96,396",60.16%,"2,985","2,007","4,202","4,525","5,512","8,612","7,479","9,154","5,987","5,289","75,109","73,991","6,282",8.49%,"48,820","21,133",331,"51,536",21,"2,323","5,325",876866.4865,18.30%
CDTA2020,QN09 Kew Gardens-Richmond Hill-Woodhaven (CD 9 Approximation),QN09,409,"151,879","8,677",7,"8,910","8,231","8,566","8,874","10,088","12,353","10,919","9,827","10,397","11,006","10,471","10,925","10,276","7,985","5,366","3,705","1,741","2,239",39.1,"12,626","9,345","29,840","15,312","8,237","20,461","11,389","85,239",56.12%,"1,681","1,319","2,656","3,512","4,562","8,167","6,367","7,946","4,321","4,621","77,665","74,702","5,665",7.58%,"26,665","10,106",615,"39,324",45,"6,362","5,647",796878.7371,19.10%
CDTA2020,QN10 South Ozone Park-Howard Beach (CD 10 Approximation),QN10,410,"143,380","9,282",7,"8,560","7,416","8,269","7,399","8,854","11,392","10,005","8,180","9,085","8,586","11,042","11,301","10,241","7,989","5,441","4,432","2,716","2,472",40.9,"11,516","8,971","32,379","17,881","8,356","15,161","8,618","82,395",57.47%,"2,018","1,253","2,175","2,303","4,372","6,139","5,283","8,136","4,627","4,968","86,247","65,865","6,035",9.16%,"28,940","19,216",903,"37,236",115,"11,769","8,265",787232.5663,18.20%
CDTA2020,QN11 Auburndale-Bayside-Douglaston (CD 11 Approximation),QN11,411,"126,110","6,803",3,"6,746","6,419","7,216","5,855","5,539","7,125","6,777","7,457","7,907","8,549","9,592","10,562","9,286","9,067","7,262","4,085","2,638","4,028",46.2,"7,301","5,156","20,037","12,180","7,742","24,173","17,746","81,878",64.93%,"1,816",795,"2,288","2,983","3,783","7,313","5,447","9,328","5,123","6,338","91,654","60,919","3,214",5.28%,"46,606","2,961",472,"55,689",15,422,"2,378",744829.902,16.90%
CDTA2020,QN12 Jamaica-St. Albans-Hollis (CD 12 Approximation),QN12,412,"260,024","18,282",4,"16,070","14,782","16,392","16,376","17,207","20,032","18,306","16,583","16,028","16,274","18,730","18,514","17,428","12,812","9,896","6,010","3,752","4,832",38.3,"16,195","16,261","55,085","37,383","14,076","27,074","13,123","146,741",56.43%,"4,772","2,774","4,908","5,783","8,942","13,653","10,113","12,925","6,314","6,224","70,293","121,698","11,735",9.64%,"6,126","149,540","1,820","38,318",151,"12,295","9,082",1361776.961,19.10%
CDTA2020,QN13 Queens Village-Bellerose-Rosedale (CD 13 Approximation),QN13,413,"214,163","13,330",4,"11,045","10,100","12,491","11,130","13,016","15,388","14,136","12,909","12,971","13,453","15,139","15,771","15,008","12,431","10,598","7,409","5,045","6,123",42.6,"8,745","10,302","42,574","30,345","12,769","32,139","19,507","137,334",64.13%,"1,787","1,921","2,553","3,283","5,329","8,922","8,989","13,954","8,708","8,143","97,246","103,660","7,676",7.40%,"20,145","112,741",594,"38,581",39,"6,065","7,067",1192821.315,18.00%
CDTA2020,QN14 The Rockaways (CD 14 Equivalent),QN14,414,"135,784","9,404",6,"10,814","10,437","11,426","8,123","7,382","9,029","7,442","8,630","6,911","7,977","8,500","9,645","8,646","7,121","4,921","3,356","2,649","2,775",36.9,"7,507","7,339","24,126","14,367","6,754","15,164","12,345","72,756",53.58%,"4,310","2,594","3,465","3,870","4,395","6,649","4,500","7,086","3,614","4,168","63,194","54,018","5,431",10.05%,"47,050","46,747",39,"5,308",38,"1,547","3,403",712799.5364,19.00%
CDTA2020,QN80 LaGuardia Airport (JIA 80 Approximation),QN80,480,0,0,0,0,0,0,0,0,0,0,0,0,0,0,0,0,0,0,0,0,0,0,0,0,0,0,0,0,0,0,0.00%,0,0,0,0,0,0,0,0,0,0,,0,0,0.00%,0,0,0,0,0,0,0,0,0.00%
CDTA2020,QN81 Flushing Meadows-Corona Park (JIA 81 Approximation),QN81,481,0,0,0,0,0,0,0,0,0,0,0,0,0,0,0,0,0,0,0,0,0,0,0,0,0,0,0,0,0,0,0.00%,0,0,0,0,0,0,0,0,0,0,,0,0,0.00%,0,0,0,0,0,0,0,0,0.00%
CDTA2020,QN82 Forest Park (JIA 82 Approximation),QN82,482,0,0,0,0,0,0,0,0,0,0,0,0,0,0,0,0,0,0,0,0,0,0,0,0,0,0,0,0,0,0,0.00%,0,0,0,0,0,0,0,0,0,0,,0,0,0.00%,0,0,0,0,0,0,0,0,0.00%
CDTA2020,QN83 JFK International Airport (JIA 83 Approximation),QN83,483,0,0,0,0,0,0,0,0,0,0,0,0,0,0,0,0,0,0,0,0,0,0,0,0,0,0,0,0,0,0,0.00%,0,0,0,0,0,0,0,0,0,0,,0,0,0.00%,0,0,0,0,0,0,0,0,0.00%
CDTA2020,QN84 Jamaica Bay (East) (JIA 84 Approximation),QN84,484,13,4,0,0,0,0,0,0,0,0,0,0,0,5,0,0,0,4,0,4,0,71.9,0,5,4,0,0,0,4,8,61.54%,0,0,0,0,0,8,0,0,0,0,"54,998",0,0,0.00%,13,0,0,0,0,0,0,0,0.00%
CDTA2020,SI01 North Shore (CD 1 Equivalent),SI01,501,"179,530","10,566",3,"10,614","9,902","11,470","12,141","11,788","13,833","12,717","11,254","11,222","11,690","12,472","12,658","12,262","9,152","6,489","4,149","2,828","2,889",38.2,"7,910","10,402","36,832","20,092","8,736","24,528","15,115","105,303",58.65%,"5,564","2,476","3,872","3,757","5,488","9,213","6,620","11,232","6,761","6,960","77,270","81,365","5,273",6.48%,"68,029","37,474",191,"17,464",0,350,"4,898",952842.8514,18.80%
CDTA2020,SI02 Mid-Island (CD 2 Approximation),SI02,502,"142,769","8,458",3,"7,546","9,281","10,090","8,241","7,397","8,900","9,093","8,130","9,675","9,187","9,767","9,746","9,683","8,597","6,080","4,280","3,108","3,968",41.4,"6,556","5,999","29,932","15,856","7,070","21,321","13,480","87,659",61.40%,"1,950","1,376","2,700","3,241","4,561","7,532","5,744","8,918","5,368","7,086","87,525","62,458","3,710",5.94%,"88,480","5,913",280,"24,490",0,305,"2,934",806485.0734,17.70%
CDTA2020,SI03 South Shore (CD 3 Approximation),SI03,503,"170,110","10,040",3,"9,448","9,774","10,527","10,276","9,970","10,278","10,688","10,033","11,497","11,670","12,563","11,818","12,799","9,929","8,098","5,271","2,801","2,670",41.8,"2,965","5,421","36,068","20,663","9,474","26,956","18,568","111,729",65.68%,"2,163","2,035","2,440","3,166","4,237","7,518","6,629","11,970","8,312","10,406","105,254","80,414","3,961",4.93%,"137,305","1,290",201,"9,111",0,392,"2,572",981525.5061,17.30%
CDTA2020,SI95 Great Kills Park-Fort Wadsworth (JIA 95 Approximation),SI95,595,785,0,0,69,49,10,99,113,110,60,90,71,54,4,42,4,10,0,0,0,0,27.4,0,5,73,89,72,151,55,440,56.05%,0,0,0,11,42,35,72,13,60,0,"84,894",235,13,5.53%,324,172,0,36,0,5,21,88416.01583,0.90%
